-- BASE DATA INSERTION SCRIPT
-- NAME : Maika Vilanova Almagia
-- GROUP NUMBER : 56

-- CONFIGURATION TABLES 

-- Allocation rule: Max courses per period (4)
INSERT INTO allocation_rule (id, rule_name, rule_value) VALUES
(1, 'max_courses_per_period', 4);

-- Formula parameters for exam and admin hours calculations
INSERT INTO formula_parameter (id, formula_name, parameter_name, parameter_value) VALUES
-- Examination hours = 32 + 0.725 * #Students
(1, 'examination_hours', 'base_hours', 32),
(2, 'examination_hours', 'per_student', 0.725),

-- Admin hours = 2*HP + 28 + 0.2 * #Students
(3, 'admin_hours', 'hp_multiplier', 2),
(4, 'admin_hours', 'base_hours', 28),
(5, 'admin_hours', 'per_student', 0.2);

-- Teaching activity types with multiplication factors
INSERT INTO teaching_activity (id, activity_name, factor) VALUES
(1, 'Lecture', 3.6),
(2, 'Lab', 2.4),
(3, 'Tutorial', 2.4),
(4, 'Seminar', 1.8),
(5, 'Others', 1.0),
(6, 'Examination', 1.0),   -- For exam hours already calculated
(7, 'Administration', 1.0); -- For admin hours already calculated

-- Job titles
INSERT INTO job_title (id, job_title) VALUES
(1, 'Professor'),
(2, 'Associate Professor'),
(3, 'Assistant Professor'),
(4, 'Lecturer'),
(5, 'Senior Lecturer'),
(6, 'PhD Student'),
(7, 'Teaching Assistant'),
(8, 'Research Assistant');

--  CORE DATA 

-- Departments
INSERT INTO department (id, department_name, manager_id) VALUES
(1, 'Computer Science', NULL),  -- Manager assigned later
(2, 'Mathematics', NULL),
(3, 'Software Engineering', NULL),
(4, 'Information Systems', NULL);

--  persons (base for employees)
INSERT INTO person (id, personal_number, first_name, last_name, address) VALUES
(1, '8001011234', 'Paris', 'Carbone', 'Valhallavägen 79, Stockholm'),
(2, '7505152345', 'Leif', 'Lindbäck', 'Drottninggatan 20, Stockholm'),
(3, '8206203456', 'Niharika', 'Gauraha', 'Kungsgatan 45, Stockholm'),
(4, '9012154567', 'Brian', 'Smith', 'Sveavägen 10, Stockholm'),
(5, '9503205678', 'Adam', 'Johnson', 'Birger Jarlsgatan 5, Stockholm'),
(6, '7808106789', 'Emma', 'Andersson', 'Strandvägen 15, Stockholm'),
(7, '8511157890', 'Viktor', 'Larsson', 'Östermalm 25, Stockholm'),
(8, '9207208901', 'Sofia', 'Bergström', 'Vasastan 30, Stockholm'),
(9, '8503151234', 'Anna', 'Karlsson', 'Birger Jarlsgatan 12, Stockholm'),
(10, '9201205678', 'Erik', 'Nilsson', 'Kungsgatan 45, Gothenburg'),
(11, '8807239012', 'Maria', 'Svensson', 'Drottninggatan 8, Malmo'),
(12, '9106142345', 'Lars', 'Andersson', 'Storgatan 22, Uppsala'),
(13, '8712186789', 'Karin', 'Johansson', 'Vasagatan 15, Stockholm'),
(14, '9304203456', 'Johan', 'Pettersson', 'Ostra Hamngatan 5, Gothenburg'),
(15, '8909117890', 'Emma', 'Eriksson', 'Sodra Vagen 18, Malmo'),
(16, '9005258901', 'Magnus', 'Larsson', 'Skolgatan 30, Uppsala'),
(17, '8611094567', 'Sara', 'Olsson', 'Linnegatan 7, Stockholm'),
(18, '9208166012', 'Anders', 'Gustafsson', 'Avenyn 25, Gothenburg'),
(19, '8804123123', 'Linda', 'Persson', 'Lundavagen 12, Lund'),
(20, '9112014234', 'Thomas', 'Jonsson', 'Strandvagen 40, Stockholm'),
(21, '8706275345', 'Helena', 'Hansson', 'Kungsportsavenyn 10, Gothenburg'),
(22, '9303196456', 'Peter', 'Bengtsson', 'Sodergatan 5, Malmo'),
(23, '8910087567', 'Cecilia', 'Lindberg', 'Slottsgatan 20, Uppsala'),
(24, '9107138678', 'Martin', 'Jakobsson', 'Sergels Torg 3, Stockholm'),
(25, '8805219789', 'Kristina', 'Eklund', 'Haga Nygata 15, Gothenburg'),
(26, '9204100890', 'David', 'Bergstrom', 'Regementsgatan 8, Malmo'),
(27, '8702153901', 'Susanne', 'Lundgren', 'Kungsgatan 60, Uppsala'),
(28, '9309227012', 'Mikael', 'Sandberg', 'Ostermalm 18, Stockholm'),
(29, '8908185123', 'Marie', 'Forsberg', 'Nordstaden 22, Gothenburg'),
(30, '9105141234', 'Stefan', 'Danielsson', 'Vastra Hamnen 12, Malmo'),
(31, '8711062345', 'Lena', 'Holmberg', 'Flogsta 45, Uppsala'),
(32, '9206253456', 'Jonas', 'Sjostrom', 'Sodermalm 30, Stockholm'),
(33, '8803174567', 'Annika', 'Mattsson', 'Hisingen 15, Gothenburg'),
(34, '9310085678', 'Robert', 'Fransson', 'Limhamn 8, Malmo'),
(35, '8907127789', 'Ingrid', 'Lindstrom', 'Kvarngarden 25, Uppsala'),
(36, '9104209890', 'Fredrik', 'Lind', 'Vasastan 12, Stockholm'),
(37, '8712111901', 'Eva', 'Axelsson', 'Majorna 18, Gothenburg'),
(38, '9208263012', 'Patrik', 'Berg', 'Rosengard 5, Malmo');


--  phone numbers (multi-valued attribute)
INSERT INTO phone (person_id, phone) VALUES
(1, '0701234567'),
(1, '0812345678'),  
(2, '0709876543'),
(3, '0708765432'),
(4, '0707654321'),
(5, '0706543210'),
(6, '0705432109'),
(7, '0704321098'),
(8, '0703210987'),
(9, '0726786049'),
(10, '0716406345'),
(11, '0751847227'),
(12, '0735125558'),
(12, '0771328833'),
(13, '0856469648'),
(14, '0716443145'),
(15, '0782161201'),
(16, '0738859157'),
(17, '0818789226'),
(18, '0812326141'),
(19, '0853874819'),
(20, '0845317802'),
(21, '0845491221'),
(22, '0851491238'),
(23, '0822920349'),
(24, '0817245379'),
(24, '0755422836'),
(25, '0769418558'),
(26, '0732342538'),  
(27, '0878025076'),
(28, '0818587597'),
(29, '0845606415'),
(30, '0812945660'),
(31, '0726098467'),
(32, '0843937813'),
(33, '0734721460'),
(34, '0785328279'),
(35, '0826162898'),
(36, '0850923658'),
(37, '0827753181'),
(38, '0847414213');

--  employees
INSERT INTO employee (id, skill_set, person_id, job_id, department_id, supervisor_id) VALUES
(1, 'Databases, Distributed Systems', 1, 2, 1, NULL),  
(2, 'Software Engineering', 2, 4, 3, 1),                
(3, 'Machine Learning, Databases', 3, 4, 1, 1),         
(4, 'Systems Programming', 4, 6, 1, 3),                 
(5, 'Web Development', 5, 7, 1, 2),                     
(6, 'Algorithms, Theory', 6, 3, 1, 1),                 
(7, 'Networks, Security', 7, 4, 1, 6),                 
(8, 'Data Science', 8, 6, 1, 3),
(9,  'Networks, Cloud Systems', 9,  4, 1, 1),
(10, 'Computer Graphics, Algorithms', 10, 3, 1, NULL),
(11, 'Mathematical Optimization',11, 1, 2, 6),
(12, 'AI, Deep Learning', 12, 4, 1, 3),
(13, 'Data Engineering, ETL Systems',13, 5, 1, 3),
(14, 'Software Architecture',  14, 4, 1, 2),
(15, 'Distributed Computing',  15, 3, 1, 1),
(16, 'Statistics, Probability',  16, 2, 2, 6),
(17, 'High-Performance Computing', 17, 4, 1, 6),
(18, 'Mobile Development, UI/UX', 18, 7, 3, 10),
(19, 'Quantum Computing Basics',  19, 6, 1, 3),
(20, 'Algorithms & Data Structures', 20, 3, 1, 6),
(21, 'Machine Learning Engineering', 21, 4, 1, 3),
(22, 'Security & Cryptography', 22, 1, 1, 10),
(23, 'Backend Development', 23, 4, 3, 2),
(24, 'Databases & SQL Optimization', 24, 4, 1, 1),
(25, 'Data Visualization', 25, 7, 4, 6),
(26, 'Automation & Scripting', 26, 5, 3, 3),
(27, 'Theoretical Computer Science', 27, 3, 2, 6),
(28, 'Systems Analysis', 28, 4, 4, 2),
(29, 'Agile Coaching, Project Mgmt', 29, 5, 3, 2),
(30, 'Bioinformatics, Python', 30, 8, 1, 3),
(31, 'Large-Scale Software Systems', 31, 4, 3, 1),
(32, 'Numerical Methods, Modelling', 32, 2, 2, 6),
(33, 'Embedded Systems', 33, 4, 1, 6),
(34, 'Information Security', 34, 1, 1, 10),
(35, 'Linear Algebra & Calculus', 35, 3, 2, 6),
(36, 'Web Full-Stack Development', 36, 7, 1, 2),
(37, 'AI Safety & Ethics', 37, 3, 1, 1),
(38, 'Software Testing & QA', 38, 4, 3, 2);


-- Update department managers
UPDATE department SET manager_id = 1 WHERE id = 1; 
UPDATE department SET manager_id = 6 WHERE id = 2;  
UPDATE department SET manager_id = 2 WHERE id = 3;  
UPDATE department SET manager_id = 10 WHERE id = 4;  

--  salary history (versioning)
INSERT INTO salary_history (id, employee_id, salary, valid_from, valid_until) VALUES
(1, 1, 65000, '2023-01-01', '2024-12-31'),
(2, 1, 68000, '2025-01-01', NULL),

(3, 2, 52000, '2023-01-01', '2024-12-31'),
(4, 2, 54000, '2025-01-01', NULL),

(5, 3, 51000, '2023-01-01', '2024-12-31'),
(6, 3, 53000, '2025-01-01', NULL),

(7, 4, 28000, '2024-01-01', NULL),

(8, 5, 22000, '2024-06-01', NULL),

(9, 6, 58000, '2023-01-01', '2024-12-31'),
(10, 6, 60000, '2025-01-01', NULL),

(11, 7, 50000, '2024-01-01', NULL),

(12, 8, 27000, '2024-01-01', NULL),

(13, 9, 48000, '2023-01-01', '2024-12-31'),
(14, 9, 50000, '2025-01-01', NULL),

(15, 10, 52000, '2023-01-01', '2024-12-31'),
(16, 10, 54500, '2025-01-01', NULL),

(17, 11, 61000, '2023-01-01', '2024-12-31'),
(18, 11, 64000, '2025-01-01', NULL),

(19, 12, 54000, '2023-01-01', '2024-12-31'),
(20, 12, 57000, '2025-01-01', NULL),

(21, 13, 50000, '2023-01-01', '2024-12-31'),
(22, 13, 53000, '2025-01-01', NULL),

(23, 14, 56000, '2023-01-01', '2024-12-31'),
(24, 14, 59000, '2025-01-01', NULL),

(25, 15, 53000, '2023-01-01', '2024-12-31'),
(26, 15, 55000, '2025-01-01', NULL),

(27, 16, 59000, '2023-01-01', '2024-12-31'),
(28, 16, 62000, '2025-01-01', NULL),

(29, 17, 50000, '2023-01-01', '2024-12-31'),
(30, 17, 53000, '2025-01-01', NULL),

(31, 18, 28000, '2024-01-01', NULL),

(32, 19, 30000, '2024-01-01', NULL),

(33, 20, 56000, '2023-01-01', '2024-12-31'),
(34, 20, 59000, '2025-01-01', NULL),

(35, 21, 52000, '2023-01-01', '2024-12-31'),
(36, 21, 54000, '2025-01-01', NULL),

(37, 22, 62000, '2023-01-01', '2024-12-31'),
(38, 22, 65000, '2025-01-01', NULL),

(39, 23, 52000, '2023-01-01', '2024-12-31'),
(40, 23, 55000, '2025-01-01', NULL),

(41, 24, 50000, '2023-01-01', '2024-12-31'),
(42, 24, 53000, '2025-01-01', NULL),

(43, 25, 28000, '2024-01-01', NULL),

(44, 26, 42000, '2024-01-01', NULL),

(45, 27, 60000, '2023-01-01', '2024-12-31'),
(46, 27, 63000, '2025-01-01', NULL),

(47, 28, 54000, '2023-01-01', '2024-12-31'),
(48, 28, 57000, '2025-01-01', NULL),

(49, 29, 47000, '2023-01-01', '2024-12-31'),
(50, 29, 50000, '2025-01-01', NULL),

(51, 30, 30000, '2024-01-01', NULL),

(52, 31, 54000, '2023-01-01', '2024-12-31'),
(53, 31, 57000, '2025-01-01', NULL),

(54, 32, 58000, '2023-01-01', '2024-12-31'),
(55, 32, 61000, '2025-01-01', NULL),

(56, 33, 51000, '2023-01-01', '2024-12-31'),
(57, 33, 54000, '2025-01-01', NULL),

(58, 34, 65000, '2023-01-01', '2024-12-31'),
(59, 34, 67000, '2025-01-01', NULL),

(60, 35, 60000, '2023-01-01', '2024-12-31'),
(61, 35, 63000, '2025-01-01', NULL),

(62, 36, 28000, '2024-01-01', NULL),

(63, 37, 55000, '2023-01-01', '2024-12-31'),
(64, 37, 58000, '2025-01-01', NULL),

(65, 38, 51000, '2023-01-01', '2024-12-31'),
(66, 38, 54000, '2025-01-01', NULL);


--  course layouts (with versioning)
INSERT INTO course_layout (id, course_code, course_name, min_students, max_students, hp, valid_from, valid_until) VALUES
(1, 'IV1351', 'Data Storage Paradigms', 50, 250, 7.5, '2024-01-01', '2025-06-30'),
(2, 'IV1351', 'Data Storage Paradigms', 50, 250, 15.0, '2025-07-01', NULL),
(3, 'IX1500', 'Discrete Mathematics', 50, 150, 7.5, '2024-01-01', NULL),
(4, 'ID2214', 'Programming for Data Science', 40, 120, 7.5, '2024-01-01', NULL),
(5, 'IV1350', 'Object-Oriented Design', 50, 200, 7.5, '2024-01-01', NULL),
(6, 'DD1337', 'Programming II', 40, 220, 7.5, '2024-01-01', NULL),
(7, 'DA2000', 'Algorithms and Data Structures', 50, 250, 7.5, '2024-01-01', NULL),
(8, 'DD4480', 'Computer Networks', 45, 200, 7.5, '2024-01-01', NULL),
(9, 'DD1350', 'Foundations of Computer Science', 60, 280, 6.0, '2024-01-01', NULL),
(10, 'DD2420', 'Machine Learning', 40, 150, 7.5, '2024-01-01', NULL),
(11, 'SF1624', 'Algebra and Geometry', 80, 350, 7.5, '2024-01-01', NULL),
(12, 'SF1546', 'Probability Theory and Statistics', 70, 320, 6.0, '2024-01-01', NULL),
(13, 'DD2477', 'Software Engineering', 50, 230, 7.5, '2024-01-01', NULL),
(14, 'EP2110', 'Energy Systems Technology', 30, 150, 9.0, '2024-01-01', NULL),
(15, 'DT1137', 'Computer Security', 40, 180, 7.5, '2024-01-01', NULL),
(16, 'DH1620', 'User Interface Design', 30, 180, 7.5, '2024-01-01', NULL),
(17, 'DA3018', 'Database Systems', 50, 250, 7.5, '2024-01-01', NULL),
(18, 'ID1217', 'Concurrent Programming', 40, 200, 7.5, '2024-01-01', NULL),
(19, 'IV1201', 'Introduction to Software Testing', 35, 160, 7.5, '2024-01-01', NULL),
(20, 'DD2431', 'Artificial Intelligence', 45, 200, 7.5, '2024-01-01', NULL);

INSERT INTO course_instance (id, num_students, study_period, study_year, course_id) VALUES
(1, 150, 'P1', 2025, 3),  
(2, 200, 'P2', 2025, 1),  
(3, 85, 'P2', 2025, 4),   
(4, 120, 'P3', 2025, 5),  
(5, 180, 'P1', 2025, 6),
(6, 210, 'P2', 2025, 7),
(7, 160, 'P3', 2025, 8),
(8, 240, 'P4', 2025, 9),
(9, 120, 'P1', 2025, 10),
(10, 300, 'P2', 2025, 11),
(11, 260, 'P3', 2025, 12),
(12, 200, 'P4', 2025, 13),
(13, 110, 'P1', 2025, 14),
(14, 140, 'P2', 2025, 15),
(15, 130, 'P3', 2025, 16),
(16, 210, 'P4', 2025, 17),
(17, 170, 'P1', 2025, 18),
(18, 95,  'P2', 2025, 19),
(19, 180, 'P3', 2025, 20),
(20, 150, 'P1', 2024, 6),
(21, 200, 'P2', 2024, 7),
(22, 175, 'P3', 2024, 8),
(23, 260, 'P4', 2024, 9),
(24, 140, 'P2', 2024, 10);

-- planned activities for course instances
INSERT INTO planned_activity (id, planned_hours, activity_id, instance_id) VALUES
(1, 44, 1, 1),    
(2, 64, 4, 1),     
(3, 200, 5, 1),    
(4, 141, 6, 1),
(5, 73, 7, 1),

(6, 20, 1, 2),     
(7, 80, 3, 2),   
(8, 40, 2, 2),    
(9, 80, 4, 2),    
(10, 650, 5, 2),  
(11, 177, 6, 2),
(12, 83, 7, 2),

(13, 32, 1, 3),
(14, 1, 2, 3),
(15, 48, 3, 3),
(16, 20, 4, 3),
(17, 120, 5, 3),
(18, 94, 6, 3),
(19, 48, 7, 3),

(20, 36, 1, 4),
(21, 24, 2, 4),
(22, 32, 3, 4),
(23, 40, 4, 4),
(24, 100, 5, 4),
(25, 118, 6, 4),
(26, 58, 7, 4),

(27, 40, 1, 5),
(28, 32, 2, 5),
(29, 48, 3, 5),
(30, 36, 4, 5),
(31, 140, 5, 5),
(32, 162, 6, 5),
(33, 65, 7, 5),

(34, 48, 1, 6),
(35, 24, 2, 6),
(36, 1, 3, 6),
(37, 52, 4, 6),
(38, 160, 5, 6),
(39, 184, 6, 6),
(40, 64, 7, 6),

(41, 52, 1, 7),
(42, 5, 2, 7),
(43, 32, 3, 7),
(44, 40, 4, 7),
(45, 150, 5, 7),
(46, 148, 6, 7),
(47, 70, 7, 7),

(48, 60, 1, 8),
(49, 40, 2, 8),
(50, 9, 3, 8),
(51, 56, 4, 8),
(52, 180, 5, 8),
(53, 206, 6, 8),
(54, 80, 7, 8),

(55, 44, 1, 9),
(56, 24, 2, 9),
(57, 12, 3, 9),
(58, 32, 4, 9),
(59, 120, 5, 9),
(60, 118, 6, 9),
(61, 61, 7, 9),

(62, 52, 1, 10),
(63, 40, 2, 10),
(64, 48, 3, 10),
(65, 44, 4, 10),
(66, 200, 5, 10),
(67, 250, 6, 10),
(68, 73, 7, 10),

(69, 60, 1, 11),
(70, 40, 2, 11),
(71, 32, 3, 11),
(72, 48, 4, 11),
(73, 180, 5, 11),
(74, 221, 6, 11),
(75, 74, 7, 11),

(76, 48, 1, 12),
(77, 36, 2, 12),
(78, 24, 3, 12),
(79, 44, 4, 12),
(80, 160, 5, 12),
(81, 175, 6, 12),
(82, 71, 7, 12),

(83, 40, 1, 13),
(84, 24, 2, 13),
(85, 20, 3, 13),
(86, 36, 4, 13),
(87, 120, 5, 13),
(88, 122, 6, 13),
(89, 63, 7, 13),

(90, 44, 1, 14),
(91, 24, 2, 14),
(92, 8, 3, 14),
(93, 32, 4, 14),
(94, 140, 5, 14),
(95, 133, 6, 14),
(96, 66, 7, 14),

(97, 48, 1, 15),
(98, 32, 2, 15),
(99, 24, 3, 15),
(100, 40, 4, 15),
(101, 150, 5, 15),
(102, 156, 6, 15),
(103, 69, 7, 15),

(104, 60, 1, 16),
(105, 36, 2, 16),
(106, 28, 3, 16),
(107, 40, 4, 16),
(108, 180, 5, 16),
(109, 200, 6, 16),
(110, 78, 7, 16),

(111, 44, 1, 17),
(112, 9, 2, 17),
(113, 36, 3, 17),
(114, 40, 4, 17),
(115, 140, 5, 17),
(116, 155, 6, 17),
(117, 64, 7, 17),

(118, 40, 1, 18),
(119, 21, 2, 18),
(120, 24, 3, 18),
(121, 32, 4, 18),
(122, 120, 5, 18),
(123, 101, 6, 18),
(124, 60, 7, 18),

(125, 52, 1, 19),
(126, 24, 2, 19),
(127, 30, 3, 19),
(128, 48, 4, 19),
(129, 160, 5, 19),
(130, 163, 6, 19),
(131, 72, 7, 19),

(132, 44, 1, 20),
(133, 28, 2, 20),
(134, 20, 3, 20),
(135, 36, 4, 20),
(136, 140, 5, 20),
(137, 139, 6, 20),
(138, 68, 7, 20),

(139, 48, 1, 21),
(140, 32, 2, 21),
(141, 24, 3, 21),
(142, 44, 4, 21),
(143, 150, 5, 21),
(144, 172, 6, 21),
(145, 70, 7, 21),

(146, 60, 1, 22),
(147, 36, 2, 22),
(148, 28, 3, 22),
(149, 48, 4, 22),
(150, 170, 5, 22),
(151, 181, 6, 22),
(152, 75, 7, 22),

(153, 56, 1, 23),
(154, 40, 2, 23),
(155, 32, 3, 23),
(156, 52, 4, 23),
(157, 180, 5, 23),
(158, 221, 6, 23),
(159, 82, 7, 23),

(160, 48, 1, 24),
(161, 28, 2, 24),
(162, 20, 3, 24),
(163, 36, 4, 24),
(164, 150, 5, 24),
(165, 139, 6, 24),
(166, 65, 7, 24);


--  allocations (teachers assigned to activities)
INSERT INTO allocation (planned_activity_id, employee_id, allocated_hours) VALUES
(1, 3, 44),   
(2, 3, 64),   
(3, 3, 100),  
(4, 3, 141),  
(5, 3, 73), 

(6, 1, 20),
(8, 4, 20), (8, 5, 20),
(9, 2, 40), (9, 3, 40),

(10, 1, 100), (10, 2, 100), (10, 3, 100), (10, 4, 100),

(11, 1, 61), (11, 2, 62), (11, 3, 54),
(12, 1, 43), (12, 3, 40),

(13, 6, 20), (13, 3, 12),
(14, 5, 1),
(15, 7, 24), (15, 21, 24),
(16, 12, 20),
(17, 24, 60), (17, 13, 60),
(18, 2, 94),
(19, 3, 48),

(20, 1, 18), (20, 6, 18),
(21, 5, 24),
(22, 3, 32),
(23, 12, 20), (23, 21, 20),
(24, 8, 100),
(25, 14, 118),
(26, 30, 58),

(27, 3, 20), (27, 24, 20),
(28, 7, 32),
(29, 21, 48),
(30, 12, 36),
(31, 20, 70), (31, 33, 70),
(32, 1, 80), (32, 2, 82),
(33, 25, 65),

(34, 6, 24), (34, 28, 24),
(35, 5, 24),
(36, 31, 1),
(37, 12, 26), (37, 10, 26),
(38, 7, 80), (38, 24, 80),
(39, 3, 92), (39, 1, 92),
(40, 14, 64),

(41, 6, 26), (41, 24, 26),
(42, 7, 1),
(43, 21, 32),
(44, 12, 40),
(45, 33, 75), (45, 20, 75),
(46, 3, 74), (46, 1, 74),
(47, 14, 70),

(48, 6, 30), (48, 3, 30),
(49, 21, 40),
(50, 7, 2),
(51, 12, 56),
(52, 33, 90), (52, 25, 90),
(53, 2, 103), (53, 1, 103),
(54, 14, 80),

(55, 3, 22), (55, 24, 22),
(56, 7, 24),
(57, 31, 1),
(58, 12, 32),
(59, 33, 60), (59, 20, 60),
(60, 2, 59), (60, 1, 59),
(61, 25, 61),

(62, 6, 26), (62, 3, 26),
(63, 21, 40),
(64, 7, 48),
(65, 12, 44),
(66, 33, 100), (66, 20, 100),
(67, 2, 125), (67, 1, 125),
(68, 14, 73),

(69, 6, 30), (69, 24, 30),
(70, 21, 40),
(71, 7, 32),
(72, 12, 48),
(73, 33, 90), (73, 20, 90),
(74, 2, 110), (74, 1, 111),
(75, 14, 74),

(76, 6, 24), (76, 3, 24),
(77, 21, 36),
(78, 7, 24),
(79, 12, 44),
(80, 33, 80), (80, 25, 80),
(81, 2, 87), (81, 1, 88),
(82, 14, 71),

(83, 6, 20), (83, 24, 20),
(84, 7, 24),
(85, 31, 1),
(86, 12, 36),
(87, 33, 60), (87, 20, 60),
(88, 2, 61), (88, 1, 61),
(89, 25, 63),

(90, 6, 22), (90, 3, 22),
(91, 21, 24),
(92, 31, 1),
(93, 12, 32),
(94, 33, 70), (94, 20, 70),
(95, 2, 66), (95, 1, 67),
(96, 14, 66),

(97, 6, 28), (97, 24, 28),
(98, 7, 32),
(99, 21, 24),
(100, 12, 40),
(101, 33, 75), (101, 20, 75),
(102, 2, 78), (102, 1, 78),
(103, 14, 69),

(104, 6, 30), (104, 3, 30),
(105, 21, 36),
(106, 7, 28),
(107, 12, 40),
(108, 33, 90), (108, 25, 90),
(109, 2, 100), (109, 1, 100),
(110, 14, 78),

(111, 6, 22), (111, 24, 22),
(112, 7, 1),
(113, 21, 36),
(114, 12, 40),
(115, 33, 70), (115, 20, 70),
(116, 2, 77), (116, 1, 78),
(117, 14, 64),

(118, 6, 20), (118, 3, 20),
(119, 21, 1),
(120, 7, 24),
(121, 12, 32),
(122, 33, 60), (122, 20, 60),
(123, 2, 51), (123, 1, 50),
(124, 14, 60),

(125, 6, 26), (125, 24, 26),
(126, 21, 24),
(127, 7, 30),
(128, 12, 48),
(129, 33, 80), (129, 20, 80),
(130, 2, 82), (130, 1, 81),
(131, 14, 72),

(132, 6, 22), (132, 3, 22),
(133, 21, 28),
(134, 7, 20),
(135, 12, 36),
(136, 33, 70), (136, 25, 70),
(137, 2, 71), (137, 1, 68),
(138, 14, 68),

(139, 6, 24), (139, 24, 24),
(140, 21, 32),
(141, 7, 24),
(142, 12, 44),
(143, 33, 75), (143, 20, 75),
(144, 2, 86), (144, 1, 86),
(145, 14, 70),

(146, 6, 30), (146, 24, 30),
(147, 21, 36),
(148, 7, 28),
(149, 12, 48),
(150, 33, 85), (150, 20, 85),
(151, 2, 91), (151, 1, 90),
(152, 14, 75),

(153, 6, 28), (153, 3, 28),
(154, 21, 40),
(155, 7, 32),
(156, 12, 52),
(157, 33, 95), (157, 25, 95),
(158, 2, 110), (158, 1, 111),
(159, 14, 82),

(160, 6, 24), (160, 24, 24),
(161, 21, 28),
(162, 7, 20),
(163, 12, 36),
(164, 33, 75), (164, 20, 75),
(165, 2, 69), (165, 1, 70),
(166, 14, 65);

